[
  {
    "time": "2025-12-30 02:06:26",
    "src_ip": "192.168.1.35",
    "attack": "Port Scan",
    "severity": "MEDIUM",
    "protocol": "TCP",
    "dst_port": 443,
    "verdict": "NORMAL",
    "response": null
  },
  {
    "time": "2025-12-30 02:06:26",
    "src_ip": "216.239.34.223",
    "attack": "DDoS",
    "severity": "HIGH",
    "protocol": "TCP",
    "dst_port": 62729,
    "verdict": "ATTACK",
    "response": null
  },
  {
    "time": "2025-12-30 02:06:26",
    "src_ip": "192.168.1.35",
    "attack": "Port Scan",
    "severity": "LOW",
    "protocol": "TCP",
    "dst_port": 443,
    "verdict": "NORMAL",
    "response": null
  },
  {
    "time": "2025-12-30 02:06:26",
    "src_ip": "192.168.1.35",
    "attack": "Port Scan",
    "severity": "HIGH",
    "protocol": "TCP",
    "dst_port": 443,
    "verdict": "ATTACK",
    "response": null
  },
  {
    "time": "2025-12-30 02:06:26",
    "src_ip": "216.239.34.223",
    "attack": "Normal",
    "severity": "LOW",
    "protocol": "TCP",
    "dst_port": 62729,
    "verdict": "NORMAL",
    "response": null
  },
  {
    "time": "2025-12-30 02:06:26",
    "src_ip": "216.239.34.223",
    "attack": "Port Scan",
    "severity": "HIGH",
    "protocol": "TCP",
    "dst_port": 62729,
    "verdict": "ATTACK",
    "response": null
  }
]